Component,Technology,Purpose,Configuration
Frontend Framework,React.js,Main UI framework for responsive web application,"TypeScript, Hooks, Context API"
Frontend Framework,Material-UI,Modern UI components and styling system,"Custom theme, responsive breakpoints"
Frontend Framework,React Router,Client-side routing and navigation,"Protected routes, lazy loading"
Frontend Framework,Axios,HTTP client for API communications,Request/response interceptors
Backend Framework,Node.js/Express,Primary backend API server,"RESTful API, middleware pipeline"
Backend Framework,Python/FastAPI,Alternative high-performance API framework,"Async endpoints, data validation"
Backend Framework,JWT Authentication,Secure user authentication system,"RS256 tokens, refresh mechanism"
Backend Framework,CORS Middleware,Cross-origin resource sharing handling,"Whitelist origins, preflight handling"
Database,PostgreSQL,Primary relational database for structured data,"Connection pooling, SSL encryption"
Database,Redis Cache,In-memory caching for performance,"TTL caching, session storage"
Database,Prisma ORM,Type-safe database ORM and migrations,"Schema migrations, query optimization"
ML Framework,Scikit-learn,Primary ML library for model development,"Pipeline preprocessing, model selection"
ML Framework,XGBoost,Gradient boosting framework for survival prediction,"Hyperparameter tuning, early stopping"
ML Framework,TensorFlow/Keras,Deep learning framework for neural networks,"Model architecture, training callbacks"
ML Framework,MLflow,ML lifecycle management and model versioning,"Experiment tracking, model registry"
Weather APIs,OpenWeatherMap API,Marine weather data and forecasting,"Hourly forecasts, 7-day range"
Weather APIs,Storm Glass API,High-resolution marine weather API,"Point forecasts, route weather"
Weather APIs,Custom Weather Pipeline,Custom weather data processing and aggregation,"Data aggregation, quality checks"
Deployment,Docker,Container orchestration and deployment,"Multi-stage builds, health checks"
Deployment,AWS/GCP,Cloud infrastructure and hosting,"Auto-scaling, load balancing"
Deployment,Nginx,Reverse proxy and load balancer,"SSL termination, rate limiting"
Deployment,PM2,Process manager for Node.js applications,"Cluster mode, log rotation"
Monitoring,Prometheus,Metrics collection and monitoring,"Custom metrics, alerting rules"
Monitoring,Grafana,Visualization and alerting dashboard,"Dashboard templates, notifications"
Monitoring,Application Logs,Centralized logging and error tracking,"Structured logging, error aggregation"
